insert into COLOR VALUES('red');
insert into COLOR VALUES('green');
insert into COLOR VALUES('yellow');
insert into COLOR VALUES('white');

INSERT INTO BALL_PART VALUES('one_third');
INSERT INTO BALL_PART VALUES('two_thirds');

---------- 1-----------
INSERT INTO BALL_SIDE VALUES(1, 'red', 'one_third');
INSERT INTO BALL_SIDE VALUES(2, 'green', 'one_third');
INSERT INTO BALL_SIDE VALUES(3, 'yellow', 'two_thirds');
INSERT INTO BALL_SIDE VALUES(4, 'white', 'two_thirds');

INSERT INTO DETAIL VALUES(1, 1, 2, 3,4);

---------- 2-----------
INSERT INTO BALL_SIDE VALUES(5, 'red', 'one_third');
INSERT INTO BALL_SIDE VALUES(6, 'green', 'one_third');
INSERT INTO BALL_SIDE VALUES(7, 'yellow', 'two_thirds');
INSERT INTO BALL_SIDE VALUES(8, 'white', 'two_thirds');

INSERT INTO DETAIL VALUES(2, 5, 6, 7,8);

---------- 3-----------
INSERT INTO BALL_SIDE VALUES(9, 'red', 'one_third');
INSERT INTO BALL_SIDE VALUES(10, 'green', 'one_third');
INSERT INTO BALL_SIDE VALUES(11, 'yellow', 'two_thirds');
INSERT INTO BALL_SIDE VALUES(12, 'white', 'two_thirds');

INSERT INTO DETAIL VALUES(3, 9, 10, 11,12);

---------- 4-----------
INSERT INTO BALL_SIDE VALUES(13, 'red', 'one_third');
INSERT INTO BALL_SIDE VALUES(14, 'green', 'one_third');
INSERT INTO BALL_SIDE VALUES(15, 'yellow', 'two_thirds');
INSERT INTO BALL_SIDE VALUES(16, 'white', 'two_thirds');

INSERT INTO DETAIL VALUES(4, 13, 14, 15,16);

---------- 5-----------
INSERT INTO BALL_SIDE VALUES(17, 'red', 'one_third');
INSERT INTO BALL_SIDE VALUES(18, 'green', 'one_third');
INSERT INTO BALL_SIDE VALUES(19, 'yellow', 'two_thirds');
INSERT INTO BALL_SIDE VALUES(20, 'white', 'two_thirds');

INSERT INTO DETAIL VALUES(5, 17, 18, 19,20);

---------- 6-----------
INSERT INTO BALL_SIDE VALUES(21, 'red', 'one_third');
INSERT INTO BALL_SIDE VALUES(22, 'green', 'one_third');
INSERT INTO BALL_SIDE VALUES(23, 'yellow', 'two_thirds');
INSERT INTO BALL_SIDE VALUES(24, 'white', 'two_thirds');

INSERT INTO DETAIL VALUES(6, 21, 22, 23,24);

---------- 7-----------
INSERT INTO BALL_SIDE VALUES(25, 'red', 'one_third');
INSERT INTO BALL_SIDE VALUES(26, 'green', 'one_third');
INSERT INTO BALL_SIDE VALUES(27, 'yellow', 'two_thirds');
INSERT INTO BALL_SIDE VALUES(28, 'white', 'two_thirds');

INSERT INTO DETAIL VALUES(7, 25, 26, 27,28);

---------- 8-----------
INSERT INTO BALL_SIDE VALUES(29, 'red', 'one_third');
INSERT INTO BALL_SIDE VALUES(30, 'green', 'one_third');
INSERT INTO BALL_SIDE VALUES(31, 'yellow', 'two_thirds');
INSERT INTO BALL_SIDE VALUES(32, 'white', 'two_thirds');

INSERT INTO DETAIL VALUES(8, 29, 30, 31,32);

---------- 9-----------
INSERT INTO BALL_SIDE VALUES(33, 'red', 'one_third');
INSERT INTO BALL_SIDE VALUES(34, 'green', 'one_third');
INSERT INTO BALL_SIDE VALUES(35, 'yellow', 'two_thirds');
INSERT INTO BALL_SIDE VALUES(36, 'white', 'two_thirds');

INSERT INTO DETAIL VALUES(9, 33, 34, 35,36);

